"index","SourceIndex","FrontText","BackText"
"1","1","This jacket is (  ) for outdoor work.
この上着は屋外の仕事に適しています。
ヒント：sで始まる8文字","suitable"
"2","1","We need a (  ) place for the meeting.
私たちは会議に適した場所を必要としています。
ヒント：sで始まる8文字","suitable"
"3","2","Customer privacy is a high (  ) for our team.
顧客のプライバシーは私たちのチームにとって優先度の高い事項です。
ヒント：pで始まる8文字","priority"
"4","2","Please give (  ) to urgent requests.
緊急の依頼を優先してください。
ヒント：pで始まる8文字","priority"
"5","3","The guide gave a (  ) introduction to the museum.
ガイドは博物館について短い紹介をしました。
ヒント：bで始まる5文字","brief"
"6","3","We took a (  ) break before the next session.
私たちは次の講習の前に短い休憩を取りました。
ヒント：bで始まる5文字","brief"
"7","4","The manager offered a (  ) explanation for the delay.
マネージャーは遅延について納得のいく説明をしました。
ヒント：rで始まる10文字","reasonable"
"8","4","You can rent a bicycle at a (  ) rate.
手ごろな料金で自転車を借りられます。
ヒント：rで始まる10文字","reasonable"
"9","5","Change the brightness (  ) on your screen.
画面の明るさの設定を変更してください。
ヒント：sで始まる7文字","setting"
"10","5","The garden provides a peaceful (  ) for the ceremony.
その庭は式典に静かな環境を提供します。
ヒント：sで始まる7文字","setting"
"11","6","The sales (  ) shows strong growth next year.
売上予測は来年の大幅な成長を示しています。
ヒント：fで始まる8文字","forecast"
"12","6","The latest (  ) predicts heavy snow tonight.
最新の予報は今夜の大雪を予測しています。
ヒント：fで始まる8文字","forecast"
"13","7","The truck stopped because it had run out of (  ).
そのトラックは燃料が切れたため停車しました。
ヒント：fで始まる4文字","fuel"
"14","7","This engine uses less (  ) than the old one.
このエンジンは古いものより少ない燃料を使います。
ヒント：fで始まる4文字","fuel"
"15","8","The university will build a library on its main (  ).
その大学はメインキャンパスに図書館を建設します。
ヒント：cで始まる6文字","campus"
"16","8","Visitors can take a tour of the (  ) on Saturday.
訪問者は土曜日にキャンパスの見学ができます。
ヒント：cで始まる6文字","campus"
"17","9","They plan to (  ) a company that makes medical equipment.
彼らは医療機器を製造する会社を設立する計画です。
ヒント：fで始まる5文字","found"
"18","9","She hopes to (  ) a school in her hometown.
彼女は故郷に学校を設立したいと考えています。
ヒント：fで始まる5文字","found"
"19","10","The region is known for its (  ) land.
その地域は農業用の土地で知られています。
ヒント：aで始まる12文字","agricultural"
"20","10","The exhibition features new (  ) equipment.
その展示会は新しい農業用機器を取り上げています。
ヒント：aで始まる12文字","agricultural"
"21","11","The hospital received a large (  ) from a local business.
その病院は地元企業から多額の寄付を受けました。
ヒント：dで始まる8文字","donation"
"22","11","Your (  ) will help provide meals for families.
あなたの寄付は家族に食事を提供する助けになります。
ヒント：dで始まる8文字","donation"
"23","12","The couple celebrated their wedding (  ) at a restaurant.
その夫婦はレストランで結婚記念日を祝いました。
ヒント：aで始まる11文字","anniversary"
"24","12","This year marks the tenth (  ) of the library's opening.
今年はその図書館の開館10周年に当たります。
ヒント：aで始まる11文字","anniversary"
"25","13","Ask the front desk (  ) for a map of the city.
フロント係に市内の地図を頼んでください。
ヒント：cで始まる5文字","clerk"
"26","13","The (  ) helped me find the right size.
その店員は私がぴったりのサイズを見つけるのを手伝いました。
ヒント：cで始まる5文字","clerk"
"27","14","Are you (  ) of the new parking rules?
新しい駐車規則を知っていますか。
ヒント：aで始まる5文字","aware"
"28","14","All staff should be (  ) of the risks.
すべての職員はその危険性を認識しているべきです。
ヒント：aで始まる5文字","aware"
"29","15","The students made steady (  ) in their studies.
学生たちは学習で着実な進歩を遂げました。
ヒント：pで始まる8文字","progress"
"30","15","Please send me a report on the (  ) of the repairs.
修理の進捗について報告書を送ってください。
ヒント：pで始まる8文字","progress"
"31","16","The survey measures (  ) customer satisfaction.
その調査は顧客の総合的な満足度を測定します。
ヒント：oで始まる7文字","overall"
"32","16","Our (  ) costs were lower than expected.
私たちの全体的な費用は予想より低かったです。
ヒント：oで始まる7文字","overall"
"33","17","We are (  ) to welcome you to our new office.
私たちはあなたを新しいオフィスに迎えることができて大変うれしく思います。
ヒント：dで始まる9文字","delighted"
"34","17","She was (  ) with the service at the hotel.
彼女はホテルのサービスに大変喜んでいました。
ヒント：dで始まる9文字","delighted"
"35","18","The trainer will (  ) the importance of regular practice.
トレーナーは定期的な練習の重要性を強調します。
ヒント：eで始まる9文字","emphasize"
"36","18","Please (  ) the main benefits in your presentation.
発表では主な利点を強調してください。
ヒント：eで始まる9文字","emphasize"
"37","19","Members will (  ) on the proposal tomorrow.
会員は明日その提案について投票します。
ヒント：vで始まる4文字","vote"
"38","19","You must register before you can (  ) in the election.
選挙で投票するには事前に登録しなければなりません。
ヒント：vで始まる4文字","vote"
"39","20","The view from the top is (  ) the long climb.
頂上からの景色には長い道のりを登るだけの価値があります。
ヒント：wで始まる5文字","worth"
"40","20","This museum is (  ) visiting.
この博物館は訪れる価値があります。
ヒント：wで始まる5文字","worth"
"41","21","The project succeeded thanks to close (  ) between the teams.
チーム間の緊密な協力のおかげでプロジェクトは成功しました。
ヒント：cで始まる11文字","cooperation"
"42","21","We ask for your (  ) during the building repairs.
建物の修理中はご協力をお願いします。
ヒント：cで始まる11文字","cooperation"
"43","22","The engineer examined the (  ) of the bridge.
技師は橋の構造を調べました。
ヒント：sで始まる9文字","structure"
"44","22","The report explains the (  ) of the organization.
その報告書は組織の構造を説明しています。
ヒント：sで始まる9文字","structure"
"45","23","You can (  ) these two files into one document.
これら二つのファイルを一つの文書にまとめられます。
ヒント：cで始まる7文字","combine"
"46","23","The course will (  ) online lessons with classroom activities.
そのコースはオンライン授業と教室での活動を組み合わせます。
ヒント：cで始まる7文字","combine"
"47","24","The doors open (  ) when someone approaches.
誰かが近づくとドアは自動的に開きます。
ヒント：aで始まる13文字","automatically"
"48","24","Your work is saved (  ) every five minutes.
作業内容は5分ごとに自動的に保存されます。
ヒント：aで始まる13文字","automatically"
"49","25","Everyone can (  ) to the success of this event.
誰もがこの行事の成功に貢献できます。
ヒント：cで始まる10文字","contribute"
"50","25","Local businesses will (  ) money to the project.
地元企業はその事業に資金を提供します。
ヒント：cで始まる10文字","contribute"
"51","26","He works at a research (  ) near the station.
彼は駅の近くにある研究機関で働いています。
ヒント：iで始まる9文字","institute"
"52","26","The (  ) offers training courses for teachers.
その専門機関は教員向けの研修コースを提供しています。
ヒント：iで始まる9文字","institute"
"53","27","The old building was (  ) renovated last year.
その古い建物は昨年全面的に改装されました。
ヒント：cで始まる10文字","completely"
"54","27","Please read the instructions (  ) before you begin.
始める前に説明書を最後まで完全に読んでください。
ヒント：cで始まる10文字","completely"
"55","28","Our team worked hard to (  ) its goal.
私たちのチームは目標を達成するために懸命に働きました。
ヒント：aで始まる7文字","achieve"
"56","28","Regular practice will help you (  ) better results.
定期的な練習はより良い結果を達成する助けになります。
ヒント：aで始まる7文字","achieve"
"57","29","The machine cannot (  ) without electricity.
その機械は電気がないと機能しません。
ヒント：fで始まる8文字","function"
"58","29","These buttons (  ) as shortcuts to common tasks.
これらのボタンはよく行う作業へのショートカットとして機能します。
ヒント：fで始まる8文字","function"
"59","30","It is your (  ) to keep customer information safe.
顧客情報を安全に保つことはあなたの職務です。
ヒント：dで始まる4文字","duty"
"60","30","The nurse is on (  ) until midnight.
その看護師は深夜まで勤務中です。
ヒント：dで始まる4文字","duty"
"61","31","The bus (  ) includes one free transfer.
そのバス運賃には1回の無料乗り換えが含まれています。
ヒント：fで始まる4文字","fare"
"62","31","Children under five pay a reduced (  ).
5歳未満の子どもには割引運賃が適用されます。
ヒント：fで始まる4文字","fare"
"63","32","Regular maintenance can (  ) costly repairs.
定期的な整備は費用のかかる修理を防ぐことができます。
ヒント：pで始まる7文字","prevent"
"64","32","These barriers help (  ) accidents near the entrance.
これらの柵は入り口付近での事故を防ぐのに役立ちます。
ヒント：pで始まる7文字","prevent"
"65","33","She feels (  ) about giving the presentation.
彼女は発表をすることに自信を持っています。
ヒント：cで始まる9文字","confident"
"66","33","We are (  ) that the repairs will be finished on time.
私たちは修理が期限どおりに終わると確信しています。
ヒント：cで始まる9文字","confident"
"67","34","This pass will (  ) you to enter the building after hours.
この通行証があれば時間外に建物に入ることができます。
ヒント：eで始まる6文字","enable"
"68","34","The new tools (  ) us to complete tasks more quickly.
新しい道具によって私たちは作業をより速く終えられます。
ヒント：eで始まる6文字","enable"
"69","35","The school is building a new (  ) facility.
その学校は新しい運動施設を建設しています。
ヒント：aで始まる8文字","athletic"
"70","35","The store sells (  ) clothing for runners.
その店はランナー向けの運動用衣類を販売しています。
ヒント：aで始まる8文字","athletic"
"71","36","The new road will have a major (  ) on local traffic.
新しい道路は地元の交通に大きな影響を与えます。
ヒント：iで始まる6文字","impact"
"72","36","We studied the (  ) of the policy on small businesses.
私たちはその政策が中小企業に及ぼす影響を調べました。
ヒント：iで始まる6文字","impact"
"73","37","The internship will help you (  ) practical skills.
そのインターンシップは実践的な技能を身に付ける助けになります。
ヒント：gで始まる4文字","gain"
"74","37","It takes time to (  ) the trust of new customers.
新しい顧客の信頼を得るには時間がかかります。
ヒント：gで始まる4文字","gain"
"75","38","Use this map to (  ) the nearest station.
この地図を使って最寄りの駅の場所を見つけてください。
ヒント：lで始まる6文字","locate"
"76","38","The staff will help you (  ) your lost bag.
職員があなたの紛失したかばんを見つけるお手伝いをします。
ヒント：lで始まる6文字","locate"
"77","39","Applicants should have a (  ) in accounting.
応募者には会計分野の経歴が必要です。
ヒント：bで始まる10文字","background"
"78","39","The interviewer asked about my educational (  ).
面接官は私の学歴について尋ねました。
ヒント：bで始まる10文字","background"
"79","40","The train will arrive (  ).
電車はまもなく到着します。
ヒント：sで始まる7文字","shortly"
"80","40","A member of our team will be with you (  ).
担当者がまもなく伺います。
ヒント：sで始まる7文字","shortly"
"81","41","Fresh vegetables are an important part of a healthy (  ).
新鮮な野菜は健康的な食生活の重要な要素です。
ヒント：dで始まる4文字","diet"
"82","41","The doctor advised him to change his (  ).
医師は彼に食生活を変えるよう勧めました。
ヒント：dで始まる4文字","diet"
"83","42","She earns extra (  ) by teaching on weekends.
彼女は週末に教えることで追加の収入を得ています。
ヒント：iで始まる6文字","income"
"84","42","Rental (  ) covers the cost of maintaining the building.
家賃収入は建物の維持費を賄っています。
ヒント：iで始まる6文字","income"
"85","43","Please bring (  ) of your address when you apply.
申請時に住所の証明を持参してください。
ヒント：pで始まる5文字","proof"
"86","43","Keep the receipt as (  ) of purchase.
購入の証明としてレシートを保管してください。
ヒント：pで始まる5文字","proof"
"87","44","We prepared a special meal for the (  ).
私たちはその特別な行事のために料理を用意しました。
ヒント：oで始まる8文字","occasion"
"88","44","The opening ceremony was a memorable (  ).
その開会式は記憶に残る行事でした。
ヒント：oで始まる8文字","occasion"
"89","45","Please (  ) the width of the desk before ordering.
注文前に机の幅を測ってください。
ヒント：mで始まる7文字","measure"
"90","45","This device can (  ) the temperature of the water.
この装置は水温を測ることができます。
ヒント：mで始まる7文字","measure"
"91","46","The equipment is checked on a regular (  ).
その機器は定期的に点検されます。
ヒント：bで始まる5文字","basis"
"92","46","The survey results form the (  ) for our new plan.
その調査結果が私たちの新しい計画の基礎となっています。
ヒント：bで始まる5文字","basis"
"93","47","Delays may (  ) during periods of heavy traffic.
交通量の多い時間帯には遅延が発生する可能性があります。
ヒント：oで始まる5文字","occur"
"94","47","These errors rarely (  ) in the new system.
新しいシステムではこうしたエラーはめったに発生しません。
ヒント：oで始まる5文字","occur"
"95","48","The application process is more (  ) than I expected.
申請手続きは私が予想したより複雑です。
ヒント：cで始まる11文字","complicated"
"96","48","She explained the (  ) rules in simple language.
彼女は複雑な規則を簡単な言葉で説明しました。
ヒント：cで始まる11文字","complicated"
"97","49","The tickets are (  ) free.
そのチケットは完全に無料です。
ヒント：aで始まる10文字","absolutely"
"98","49","You are (  ) right about the schedule.
日程についてあなたはまったく正しいです。
ヒント：aで始まる10文字","absolutely"
"99","50","Call this number in an (  ).
緊急時にはこの番号に電話してください。
ヒント：eで始まる9文字","emergency"
"100","50","Please keep the (  ) exit clear.
非常口をふさがないようにしてください。
ヒント：eで始まる9文字","emergency"
"101","51","We need to (  ) the results before making a decision.
決定する前に結果を分析する必要があります。
ヒント：頭文字 a","analyze"
"102","51","The software can (  ) large amounts of data quickly.
そのソフトウェアは大量のデータを素早く分析できます。
ヒント：頭文字 a","analyze"
"103","52","The job requires considerable (  ) strength.
その仕事にはかなりの体力が必要です。
ヒント：頭文字 p","physical"
"104","52","Keep a (  ) copy of the contract in a safe place.
契約書の紙の現物を安全な場所に保管してください。
ヒント：頭文字 p","physical"
"105","53","The manager took time to (  ) the team for its hard work.
マネージャーはチームの懸命な努力をほめるために時間を取りました。
ヒント：頭文字 p","praise"
"106","53","Teachers should (  ) students when they make progress.
教師は生徒が進歩したときにほめるべきです。
ヒント：頭文字 p","praise"
"107","54","Visitors can (  ) the artists at work.
来場者は制作中の芸術家たちを観察できます。
ヒント：頭文字 o","observe"
"108","54","Please (  ) the birds from a safe distance.
安全な距離から鳥を観察してください。
ヒント：頭文字 o","observe"
"109","55","The restaurant has a (  ) for excellent service.
そのレストランは優れたサービスで評判です。
ヒント：頭文字 r","reputation"
"110","55","One careless mistake can damage a company's (  ).
一つの不注意なミスが会社の評判を傷つけることがあります。
ヒント：頭文字 r","reputation"
"111","56","Cost is only one (  ) of the decision.
費用はその決定の一つの側面にすぎません。
ヒント：頭文字 a","aspect"
"112","56","The training covers every (  ) of customer service.
その研修は顧客サービスのあらゆる側面を扱います。
ヒント：頭文字 a","aspect"
"113","57","Fresh paint improved the (  ) of the building.
新しく塗装したことで建物の外観が良くなりました。
ヒント：頭文字 a","appearance"
"114","57","Employees should maintain a professional (  ).
従業員は仕事にふさわしい身なりを保つべきです。
ヒント：頭文字 a","appearance"
"115","58","A guide will (  ) you during the factory tour.
工場見学中はガイドが同行します。
ヒント：頭文字 a","accompany"
"116","58","Please ask someone to (  ) you to the appointment.
予約の場所まで誰かに付き添ってもらってください。
ヒント：頭文字 a","accompany"
"117","59","The company offers a (  ) vacation allowance.
その会社は手厚い休暇制度を設けています。
ヒント：頭文字 g","generous"
"118","59","Our host was very (  ) with her time.
私たちを迎えてくれた女性は時間を惜しまず対応してくれました。
ヒント：頭文字 g","generous"
"119","60","The project requires a great deal of manual (  ).
その事業には多くの手作業の労働が必要です。
ヒント：頭文字 l","labor"
"120","60","A shortage of skilled (  ) delayed construction.
熟練労働者の不足で工事が遅れました。
ヒント：頭文字 l","labor"
"121","61","The workshop gave us (  ) advice.
その講習会は私たちに貴重な助言を与えてくれました。
ヒント：頭文字 v","valuable"
"122","61","Keep your (  ) belongings in the hotel safe.
貴重な所持品はホテルの金庫に保管してください。
ヒント：頭文字 v","valuable"
"123","62","The staff were (  ) helpful during our visit.
私たちが訪問した際、職員は非常に親切に対応してくれました。
ヒント：頭文字 e","extremely"
"124","62","It is (  ) important to follow the safety rules.
安全規則に従うことは極めて重要です。
ヒント：頭文字 e","extremely"
"125","63","The farmer tested the (  ) before planting.
農家の人は植え付け前に土壌を検査しました。
ヒント：頭文字 s","soil"
"126","63","These plants grow well in moist (  ).
これらの植物は湿った土壌でよく育ちます。
ヒント：頭文字 s","soil"
"127","64","The instructions are (  ) easy to follow.
その説明は比較的簡単に理解して実行できます。
ヒント：頭文字 r","relatively"
"128","64","The station is (  ) close to our office.
駅は私たちのオフィスから比較的近い場所にあります。
ヒント：頭文字 r","relatively"
"129","65","The new design should (  ) to younger customers.
その新しいデザインは若い顧客の心を引きつけるはずです。
ヒント：頭文字 a","appeal"
"130","65","Flexible hours (  ) to many job applicants.
柔軟な勤務時間は多くの求職者にとって魅力的です。
ヒント：頭文字 a","appeal"
"131","66","The students are (  ) to visit the laboratory.
学生たちはその研究室を訪問することを熱望しています。
ヒント：頭文字 e","eager"
"132","66","She is (  ) for a chance to lead the project.
彼女はその事業を率いる機会を強く望んでいます。
ヒント：頭文字 e","eager"
"133","67","The airport closed because of a severe (  ).
激しい嵐のため空港は閉鎖されました。
ヒント：頭文字 s","storm"
"134","67","Several trees fell during the (  ).
嵐の間に木が何本か倒れました。
ヒント：頭文字 s","storm"
"135","68","The meeting was canceled due to a (  ) of interest.
関心が集まらなかったため、その会合は中止されました。
ヒント：頭文字 l","lack"
"136","68","A (  ) of space makes this office uncomfortable.
スペース不足のため、このオフィスは居心地が良くありません。
ヒント：頭文字 l","lack"
"137","69","Clean water is (  ) for good health.
清潔な水は健康に不可欠です。
ヒント：頭文字 e","essential"
"138","69","Previous experience is helpful but not (  ).
経験があると役立ちますが、必須ではありません。
ヒント：頭文字 e","essential"
"139","70","The final price will (  ) the cost of shipping.
最終価格には送料が反映されます。
ヒント：頭文字 r","reflect"
"140","70","These results (  ) the effort of the entire team.
これらの結果はチーム全体の努力を反映しています。
ヒント：頭文字 r","reflect"
"141","71","Tall trees (  ) the small lake.
高い木々がその小さな湖を囲んでいます。
ヒント：頭文字 s","surround"
"142","71","Security guards will (  ) the stage during the event.
行事の間は警備員がステージを取り囲みます。
ヒント：頭文字 s","surround"
"143","72","We attended the lecture and had lunch (  ).
私たちは講義に出席し、その後で昼食を取りました。
ヒント：頭文字 a","afterward(s)"
"144","72","Finish the form now; you can review it (  ).
今用紙を記入してください。後で見直すことができます。
ヒント：頭文字 a","afterward(s)"
"145","73","Listen (  ) to the instructions before starting.
始める前に説明を注意深く聞いてください。
ヒント：頭文字 c","closely"
"146","73","The two departments work (  ) together.
その二つの部署は緊密に連携しています。
ヒント：頭文字 c","closely"
"147","74","She is looking for a (  ) position.
彼女は常勤の職を探しています。
ヒント：頭文字 p","permanent"
"148","74","The museum has found a (  ) home for the collection.
博物館はそのコレクションを常設する場所を見つけました。
ヒント：頭文字 p","permanent"
"149","75","You (  ) a break after all that hard work.
あれだけ懸命に働いたのだから、あなたには休憩を取るだけの資格があります。
ヒント：頭文字 d","deserve"
"150","75","Employees (  ) fair treatment.
従業員は公平な待遇を受けるに値します。
ヒント：頭文字 d","deserve"
"151","76","The update will not affect your (  ) files.
その更新は既存のファイルに影響しません。
ヒント：頭文字 e","existing"
"152","76","We plan to expand the (  ) building.
私たちは既存の建物を拡張する計画です。
ヒント：頭文字 e","existing"
"153","77","We (  ) any inconvenience caused by the closure.
閉鎖によりご不便をおかけすることを申し訳なく思います。
ヒント：頭文字 r","regret"
"154","77","I (  ) missing the chance to speak with her.
私は彼女と話す機会を逃したことを後悔しています。
ヒント：頭文字 r","regret"
"155","78","The patient responded well to the (  ).
その患者は治療に良い反応を示しました。
ヒント：頭文字 t","treatment"
"156","78","All customers should receive equal (  ).
すべての顧客は平等な扱いを受けるべきです。
ヒント：頭文字 t","treatment"
"157","79","Please buy a (  ) eggs on your way home.
帰宅途中に卵を12個買ってください。
ヒント：頭文字 d","dozen"
"158","79","About two (  ) people attended the workshop.
約24人がその講習会に参加しました。
ヒント：頭文字 d","dozen"
"159","80","Passengers should (  ) to gate twelve.
乗客の皆さまは12番ゲートへお進みください。
ヒント：頭文字 p","proceed"
"160","80","We cannot (  ) without your approval.
あなたの承認なしには先に進めません。
ヒント：頭文字 p","proceed"
"161","81","Check the cable if you lose your internet (  ).
インターネット接続が切れたらケーブルを確認してください。
ヒント：頭文字 c","connection"
"162","81","There is a direct train (  ) between the two cities.
その二つの都市間には直通列車の連絡があります。
ヒント：頭文字 c","connection"
"163","82","There is no need to (  ); we have plenty of time.
急ぐ必要はありません。時間は十分あります。
ヒント：頭文字 r","rush"
"164","82","Please do not (  ) through the safety checks.
安全確認を慌てて済ませないでください。
ヒント：頭文字 r","rush"
"165","83","The town hopes to (  ) its historic buildings.
その町は歴史的建造物を保存したいと考えています。
ヒント：頭文字 p","preserve"
"166","83","This method helps (  ) the flavor of the fruit.
この方法は果物の風味を保つのに役立ちます。
ヒント：頭文字 p","preserve"
"167","84","Heavy rain damaged this year's wheat (  ).
大雨が今年の小麦の収穫物に被害を与えました。
ヒント：頭文字 c","crop"
"168","84","Rice is the main (  ) grown in this area.
この地域で栽培される主な作物は米です。
ヒント：頭文字 c","crop"
"169","85","We (  ) to reduce waste by twenty percent.
私たちは廃棄物を20パーセント減らすことを目指しています。
ヒント：頭文字 a","aim"
"170","85","The main (  ) of the course is to improve speaking skills.
そのコースの主な目的は会話力の向上です。
ヒント：頭文字 a","aim"
"171","86","The store (  ) opens at nine in the morning.
その店は通常、朝9時に開店します。
ヒント：頭文字 n","normally"
"172","86","I (  ) take the bus to work.
私は普段バスで通勤します。
ヒント：頭文字 n","normally"
"173","87","She succeeded on her first (  ).
彼女は最初の試みで成功しました。
ヒント：頭文字 a","attempt"
"174","87","We will make another (  ) to contact the supplier.
私たちは納入業者への連絡をもう一度試みます。
ヒント：頭文字 a","attempt"
"175","88","Price is an important (  ) when choosing a hotel.
ホテルを選ぶ際、価格は重要な要素です。
ヒント：頭文字 f","factor"
"176","88","Weather was a major (  ) in the delay.
天候が遅延の大きな要因でした。
ヒント：頭文字 f","factor"
"177","89","The results of the (  ) will be announced tonight.
選挙の結果は今夜発表されます。
ヒント：頭文字 e","election"
"178","89","The next (  ) will take place in November.
次の選挙は11月に行われます。
ヒント：頭文字 e","election"
"179","90","The new treatment has shown (  ) results.
その新しい治療法は有望な結果を示しています。
ヒント：頭文字 p","promising"
"180","90","She is one of our most (  ) young researchers.
彼女は私たちの最も有望な若手研究者の一人です。
ヒント：頭文字 p","promising"
"181","91","Please make sure your contact details are (  ).
連絡先の情報が正確であることを確認してください。
ヒント：頭文字 a","accurate"
"182","91","The device provides (  ) measurements.
その装置は正確な測定値を提供します。
ヒント：頭文字 a","accurate"
"183","92","The team presented its (  ) at the conference.
そのチームは会議で調査結果を発表しました。
ヒント：頭文字 f","findings"
"184","92","Our (  ) suggest that the new method is effective.
私たちの調査結果は新しい方法が有効であることを示唆しています。
ヒント：頭文字 f","findings"
"185","93","The new model is (  ) smaller than the old one.
新しいモデルは古いものよりわずかに小さいです。
ヒント：頭文字 s","slightly"
"186","93","Please turn the handle (  ) to the left.
ハンドルを少し左に回してください。
ヒント：頭文字 s","slightly"
"187","94","The garden contains many (  ) plants.
その庭には多くの在来種の植物があります。
ヒント：頭文字 n","native"
"188","94","Spanish is her (  ) language.
スペイン語は彼女の母語です。
ヒント：頭文字 n","native"
"189","95","The report examines the (  ) effects of tourism.
その報告書は観光の経済的な影響を検討しています。
ヒント：頭文字 e","economic"
"190","95","The region is facing serious (  ) difficulties.
その地域は深刻な経済的困難に直面しています。
ヒント：頭文字 e","economic"
"191","96","It may take time to (  ) into your new home.
新しい家に慣れるまで時間がかかるかもしれません。
ヒント：頭文字 s","settle"
"192","96","We hope to (  ) the disagreement through discussion.
私たちは話し合いで意見の対立を解決したいと考えています。
ヒント：頭文字 s","settle"
"193","97","The course offers (  ) advice for new managers.
そのコースは新任マネージャーに実用的な助言を提供します。
ヒント：頭文字 p","practical"
"194","97","We need a (  ) solution to this problem.
私たちにはこの問題に対する現実的で実行可能な解決策が必要です。
ヒント：頭文字 p","practical"
"195","98","She received a (  ) to study engineering.
彼女は工学を学ぶための奨学金を受けました。
ヒント：頭文字 s","scholarship"
"196","98","The (  ) covers tuition and living expenses.
その奨学金は授業料と生活費を賄います。
ヒント：頭文字 s","scholarship"
"197","99","The company plans to (  ) coffee from Brazil.
その会社はブラジルからコーヒーを輸入する計画です。
ヒント：頭文字 i","import"
"198","99","We (  ) most of our raw materials.
私たちは原材料の大部分を輸入しています。
ヒント：頭文字 i","import"
"199","100","Soft lighting creates a relaxing (  ).
柔らかな照明はくつろげる雰囲気を生み出します。
ヒント：頭文字 a","atmosphere"
"200","100","The cafe has a friendly (  ).
そのカフェには親しみやすい雰囲気があります。
ヒント：頭文字 a","atmosphere"
