"FrontText","BackText","Comment","FrontTextLanguage","BackTextLanguage"
"(  ) for all ages
全年齢に適している","suitable","","en-US","en-US"
"Safety is our top (  ).
安全は我々の最優先事項です。","priority","","en-US","en-US"
"a (  ) survey
簡単な調査","brief","","en-US","en-US"
"a (  ) price
手ごろな価格","reasonable","","en-US","en-US"
"adjust the printer (  )s
プリンターの設定を調整する。","setting","","en-US","en-US"
"a weather (  )
天気予報","forecast","","en-US","en-US"
"(  ) prices
燃料価格","fuel","","en-US","en-US"
"on the company's (  )
その会社の敷地に","campus","","en-US","en-US"
"The company was (  )ed ten years ago.
その会社は１０年前に設立された。","found","","en-US","en-US"
"(  ) products
農産物","agricultural","","en-US","en-US"
"make a (  ) to a charity
慈善団体に寄付をする","donation","","en-US","en-US"
"celebrate the theater's twentieth (  )
劇場の20周年を祝う","anniversary","","en-US","en-US"
"a store (  )
店員","clerk","","en-US","en-US"
"Alan is (  ) of the problem
アランはその問題に気付いている。","aware","","en-US","en-US"
"check the (  ) of a project
プロジェクトの進行状況を確認する","progress","","en-US","en-US"
"(  ) sales
全体の売り上げ","overall","","en-US","en-US"
"We are (  ) to hear the news.
我々はその知らせを聞いて大いに喜んでいます。","delighted","","en-US","en-US"
"(  )  the difference
違いを強調する。","emphasize","","en-US","en-US"
"(  ) for your favorite song.
お気に入りの曲に投票してください。","vote","","en-US","en-US"
"The book is (  ) reading.
その本は読む価値がある。","worth","","en-US","en-US"
"Thank you for your (  ).
ご協力ありがとうございます。","cooperation","","en-US","en-US"
"management (  )
経営構造","structure","","en-US","en-US"
"(  ) two ideas
二つのアイデアを組み合わせる","combine","","en-US","en-US"
"The software is updated (  ).
ソフトは自動的にアップデートされます。","automatically","","en-US","en-US"
"(  ) to a team
チームに貢献する","contribute","","en-US","en-US"
"TEX language (  )
テックス語学専門学校","institute","","en-US","en-US"
"The hotel is (  ) full.
そのホテルは完全に満室です。","completely","","en-US","en-US"
"(  ) a target score
目標スコアを達成する","achieve","","en-US","en-US"
"The air conditioner is not (  )ing properly.
エアコンがちゃんと機能していない。","function","","en-US","en-US"
"work (  )ies
職務","duty","","en-US","en-US"
"a (  ) increase
運賃の値上げ","fare","","en-US","en-US"
"(  ) a problem from happening again
問題の再発を防ぐ","prevent","","en-US","en-US"
"I'm (  ) that I can do it.
私にはそれができる自信があります。","confident","","en-US","en-US"
"Technology (  )s us to work from home.
テクノロジーは在宅勤務を可能にする。","enable","","en-US","en-US"
"(  ) shoes
運動靴","athletic","","en-US","en-US"
"(  ) on the environment
環境への影響","impact","","en-US","en-US"
"Gayle (  )ed lots of experience.
ゲイルは多くの経験を得た。","gain","","en-US","en-US"
"(  ) a missing item
紛失物を見つける","locate","","en-US","en-US"
"a (  ) in marketing
マーケティングの経歴","background","","en-US","en-US"
"We will contact you (  ).
すぐにご連絡します。","shortly","","en-US","en-US"
"a well-balanced (  )
バランスの取れた食事","diet","","en-US","en-US"
"a source of (  )
収入源","income","","en-US","en-US"
"(  ) of payment
支払い証明","proof","","en-US","en-US"
"gift for a special (  )
特別な行事用のギフト","occasion","","en-US","en-US"
"(  ) the size
サイズを測る","measure","","en-US","en-US"
"pay on a monthly (  )
毎月支払う","basis","","en-US","en-US"
"The problem still (  )s.
その問題はまだ起きている。","occur","","en-US","en-US"
"The system is very (  ).
そのシステムはとても複雑だ。","complicated","","en-US","en-US"
"The meal was (  ) delicious.
食事は本当においしかった。","absolutely","","en-US","en-US"
"(  ) phone number
緊急時の電話番号","emergency","","en-US","en-US"
"(  ) sales data
販売データを分析する","analyze","","en-US","en-US"
"a (  ) store
実（物理的な）店舗","physical","","en-US","en-US"
"(  ) an employee
従業員をほめる","praise","","en-US","en-US"
"(  ) how a machine works
機械がどのように動作するかを観察する","observe","","en-US","en-US"
"earn a good (  )
良い評判を得る","reputation","","en-US","en-US"
"every (  ) of a project
プロジェクトのあらゆる側面","aspect","","en-US","en-US"
"the (  ) of a Web site
ウェブサイトの外観","appearance","","en-US","en-US"
"Children must be (  )ed by an adult.
お子様には大人の付き添いが必要です。","accompany","","en-US","en-US"
"a (  ) donation
寛大な寄付","generous","","en-US","en-US"
"(  ) cost
人件費（労働コスト）","labor","","en-US","en-US"
"a (  ) addition to the team
チームの貴重な新戦力","valuable","","en-US","en-US"
"The noise was (  ) loud.
騒音は非常に大きかった。","extremely","","en-US","en-US"
"analyze the (  )
土壌を分析する","soil","","en-US","en-US"
"a (  ) new product
比較的新しい製品","relatively","","en-US","en-US"
"The movie (  )s to all ages.
その映画は全年齢層の心に訴える","appeal","","en-US","en-US"
"Edgar is (  ) to learn new skills.
エドガーは新しいスキルを学ぶことを熱望している。","eager","","en-US","en-US"
"cancel an event due to a (  ).
嵐が理由でイベントを中止する。","storm","","en-US","en-US"
"a (  ) of information
情報不足","lack","","en-US","en-US"
"Teamwork is (  ) in our kitchen.
チームワークは我々のキッチンに不可欠です。","essential","","en-US","en-US"
"(  ) a change
変更を反映する","reflect","","en-US","en-US"
"The area is (  )ed by mountains.
その地域は山に囲まれている。","surround","","en-US","en-US"
"You can ask questions (  ).
後でご質問いただけます。","afterward(s)","","en-US","en-US"
"work (  ) with suppliers
納入業者と密接に連携する。","closely","","en-US","en-US"
"a (  ) exhibit
常設展","permanent","","en-US","en-US"
"You (  ) a promotion.
あなたは昇進に値します。","deserve","","en-US","en-US"
"(  ) customers
既存の顧客","existing","","en-US","en-US"
"We (  ) the delay.
遅れを残念に思います。","regret","","en-US","en-US"
"a water (  ) plant
水処理工場","treatment","","en-US","en-US"
"The manager ordered a (  ) pizzas.
マネージャーは１２枚のピザを注文した。","dozen","","en-US","en-US"
"Please (  ) to the stage.
ステージに進んでください。","proceed","","en-US","en-US"
"a wireless internet (  )
無線インターネット接続","connection","","en-US","en-US"
"a (  ) order
急ぎの注文","rush","","en-US","en-US"
"(  ) the environment
環境を保護する","preserve","","en-US","en-US"
"the annual rice (  )
年間のコメの収穫高","crop","","en-US","en-US"
"The class is (  )ed at beginners.
そのクラスは初心者向けです。","aim","","en-US","en-US"
"(  ) I work at home.
普段は家で仕事をしています。","normally","","en-US","en-US"
"the second (  ) to deliver a package
荷物を配達する二回目の試み","attempt","","en-US","en-US"
"There are several (  )s to consider.
考慮すべき要素がいくつかあります。","factor","","en-US","en-US"
"a local (  )
地方選挙
","election","","en-US","en-US"
"a (  ) candidate
有望な候補者","promising","","en-US","en-US"
"keep (  ) records
正確な記録を残す","accurate","","en-US","en-US"
"the latest research (  )
最新の研究結果","findings","","en-US","en-US"
"(  ) better than average
平均よりわずかに良い","slightly","","en-US","en-US"
"This plant is (  ) to the island.
この植物は島固有です。","native","","en-US","en-US"
"recent (  ) growth
最近の経済成長","economic","","en-US","en-US"
"(  ) into a new job
新たな仕事に慣れる","settle","","en-US","en-US"
"gain (  ) experience
実践的な経験を積む","practical","","en-US","en-US"
"apply for a (  )
奨学金を申請する","scholarship","","en-US","en-US"
"(   ) goods from overseas
海外から商品を輸入する","import","","en-US","en-US"
"a warm (  )
温かい雰囲気","atmosphere","","en-US","en-US"

